{"cameraMode":{"drawMode":0,"name":"Shaded","section":"Shading Mode"},"sceneLighting":false,"audioPlay":false,"sceneViewState":{"showFog":true,"showMaterialUpdate":false,"showSkybox":false,"showFlares":true,"showImageEffects":true,"showParticleSystems":true,"showVisualEffectGraphs":true,"m_FxEnabled":true},"in2DMode":false,"pivot":{"x":464.66094970703127,"y":137.29701232910157,"z":828.7725830078125},"rotation":{"x":-0.05627760663628578,"y":-0.060171376913785937,"z":0.003439042018726468,"w":-0.9966599941253662},"size":827.4360961914063,"orthographic":false}