{"cameraMode":{"drawMode":0,"name":"Shaded","section":"Shading Mode"},"sceneLighting":false,"audioPlay":false,"sceneViewState":{"showFog":true,"showMaterialUpdate":false,"showSkybox":false,"showFlares":true,"showImageEffects":true,"showParticleSystems":true,"showVisualEffectGraphs":true,"m_FxEnabled":true},"in2DMode":false,"pivot":{"x":228.74655151367188,"y":143.18942260742188,"z":71.30015563964844},"rotation":{"x":-0.00034660397795960307,"y":0.9997382164001465,"z":-0.015905452892184259,"w":-0.020095186308026315},"size":259.3285827636719,"orthographic":false}