{"cameraMode":{"drawMode":0,"name":"Shaded","section":"Shading Mode"},"sceneLighting":false,"audioPlay":false,"sceneViewState":{"showFog":true,"showMaterialUpdate":false,"showSkybox":false,"showFlares":true,"showImageEffects":true,"showParticleSystems":true,"showVisualEffectGraphs":true,"m_FxEnabled":true},"in2DMode":false,"pivot":{"x":441.6848449707031,"y":341.7467956542969,"z":56.41001892089844},"rotation":{"x":-0.0012367789167910815,"y":0.9985764622688294,"z":-0.024877198040485383,"w":-0.048566561192274097},"size":357.9536437988281,"orthographic":false}